;;;;;;;;;;;;;;;;;;;;;;;;;;;;;;;;;;;;;;;;;;;;;;;;;;;;;;;;;;;;;;;;
;;;;;;;;;Number of member accounts by member gender;;;;Members' benefits by member gender;;;;Number of member accounts by member age bracket (female);;;;;;;;;;;;Members' benefits by member age bracket (female);;;;;;;;;;;;Number of member accounts by member age bracket (male);;;;;;;;;;;;Members' benefits by member age bracket (male);;;;;;;;;;;
Fund name;RSE Regulatory classification;Fund type;RSE Membership base;Fund's RSE licensee;RSE licensee ownership type;RSE licensee profit status;Total number of member accounts at the end of period;Total members' benefits at end of period;Number of members accounts : female;Number of members accounts : male;Number of members : Intersex or Indeterminate;Number of members : Not stated or inadequately described;Members' benefits : female;Members' benefits : male;Members' benefits : Intersex or Indeterminate;Members' benefits : Not stated or inadequately described;<25;25 to 34;35 to 44;45 to 49;50 to 54;55 to 59;60 to 64;65 to 69;70 to 74;75 to 84;85+;Age not available;<25;25 to 34;35 to 44;45 to 49;50 to 54;55 to 59;60 to 64;65 to 69;70 to 74;75 to 84;85+;Age not available;<25;25 to 34;35 to 44;45 to 49;50 to 54;55 to 59;60 to 64;65 to 69;70 to 74;75 to 84;85+;Age not available;<25;25 to 34;35 to 44;45 to 49;50 to 54;55 to 59;60 to 64;65 to 69;70 to 74;75 to 84;85+;Age not available
;;;;;;;;($'000);;;;;($'000);($'000);($'000);($'000);;;;;;;;;;;;;($'000);($'000);($'000);($'000);($'000);($'000);($'000);($'000);($'000);($'000);($'000);($'000);;;;;;;;;;;;;($'000);($'000);($'000);($'000);($'000);($'000);($'000);($'000);($'000);($'000);($'000);($'000)
Advance Retirement Suite;Public offer;Retail;General base;BT Funds Management Limited;Financial services corporation ownership;For profit status;4257;242016;2022;2235;;;103210;138806;;;;26;134;311;453;420;203;122;99;188;66;;;356;4102;13062;24261;24142;13422;8437;5748;7755;1925;;;25;148;283;398;481;338;197;118;171;76;;;786;5067;16385;25337;33835;24265;14105;8389;8522;2115;
Alcoa of Australia Retirement Plan;Non public offer;Corporate;Corporate base;Alcoa of Australia Retirement Plan Pty Ltd;Employer sponsor (non-public sector) ownership;Not for profit status;5575;2110399;943;4632;;;245338;1865061;;;*;93;181;128;115;133;130;85;40;*;*;;*;7460;30016;31088;38107;50546;42968;26997;12776;*;*;;*;333;668;600;718;884;638;366;221;*;*;;*;32295;144855;199498;316700;496428;368924;180194;90768;*;*;
AMG Super;Public offer;Retail;General base;Equity Trustees Superannuation Limited;Financial services corporation ownership;For profit status;26631;1207910;16401;10230;;;536031;671879;;;232;4497;5767;1873;1433;1062;715;422;238;141;21;;4895;48835;97839;48448;49726;60592;66048;76966;51201;26731;4750;;404;2308;2972;1256;1032;763;664;414;212;167;38;;1355;57168;133919;73901;77101;74967;80670;80669;46792;38600;6737;
AMP Eligible Rollover Fund;Public offer;Retail - ERF;General base;AMP Superannuation Limited;Financial services corporation ownership;For profit status;344498;1314606;144799;199699;;;494021;820585;;;479;7521;46384;30196;20586;15797;10860;6958;3807;1684;85;442;678;15744;121120;118700;93491;72864;40712;19256;6115;2226;164;2951;549;9207;52064;38194;30367;26255;18665;12370;6915;3900;268;945;585;15820;123236;146850;144130;157326;120133;80376;21719;6162;1443;2805
AMP Retirement Trust;Public offer;Retail;General base;AMP Superannuation Limited;Financial services corporation ownership;For profit status;290026;16657866;122790;167236;;;6365540;10292326;;;14905;29087;21548;9724;8175;8061;10505;10464;7365;2791;165;;44984;281145;687444;489710;507081;655011;1100326;1294072;943531;346315;15921;;20147;48199;19867;12459;10671;11404;16388;13991;9771;4084;255;;68625;431727;1250362;892699;958048;1239739;1869105;1726314;1272513;553326;29868;
AMP Superannuation Savings Trust;Public offer;Retail;General base;AMP Superannuation Limited;Financial services corporation ownership;For profit status;1501221;55345260;571617;864597;;65007;14917774;31306340;;9121146;38306;96558;160055;82896;69464;56041;34572;16981;9401;6654;689;;155884;1278064;3385392;2410901;2297268;2100361;1294068;729629;611032;604615;50560;;48579;130124;220995;121399;111901;101393;67284;31928;16816;12352;1826;;259529;2095692;6208037;4861673;5213717;5399252;3503642;1606349;999567;1051412;107470;
ANZ Australian Staff Superannuation Scheme;Non public offer;Corporate;Corporate base;ANZ Staff Superannuation (Australia) Pty. Limited;Employer sponsor (non-public sector) ownership;Not for profit status;31068;4504032;17170;13898;;;1972597;2531435;;;461;3760;5184;2314;1896;1597;1203;552;125;*;*;;4207;163906;470004;308637;320099;325007;241629;106237;19856;*;*;;406;2887;4723;1978;1531;1153;632;385;155;*;*;;3231;141293;534732;394203;433111;473184;282759;181110;72163;*;*;
AON Master Trust;Public offer;Retail;General base;Equity Trustees Superannuation Limited;Financial services corporation ownership;For profit status;183662;5212887;72017;111645;;;1768443;3444444;;;2044;15200;23842;11641;8721;6102;2967;1043;323;*;*;;9201;177918;479699;310645;260797;231861;149207;86649;34756;*;*;;2859;21051;34866;17767;14102;11166;6333;2460;759;*;*;;12361;234065;679717;548134;534287;602531;431124;220404;118228;*;*;
Aracon Superannuation Fund;Public offer;Retail;General base;Aracon Superannuation Pty Ltd;Financial services corporation ownership;For profit status;1071;333818;587;484;;;181956;151862;;;*;*;*;*;27;26;106;113;123;125;*;;*;*;*;*;5663;7880;31129;41802;48418;36724;*;;*;*;*;*;21;28;43;100;108;120;*;;*;*;*;*;4207;10164;17176;38333;31430;42036;*;
ASGARD Independence Plan Division Two;Public offer;Retail;General base;BT Funds Management Limited;Financial services corporation ownership;For profit status;211940;22934010;*;*;;*;*;12955168;;*;3765;16185;19610;9381;7634;7445;7866;7402;6759;6581;*;*;17073;340327;969381;672162;693178;1017693;1589605;1800165;1560981;1221412;*;*;5062;21627;25816;12616;10658;10260;9894;8114;6763;6818;*;*;27938;498173;1543164;1167147;1261963;1684870;1914487;1876349;1587952;1272354;*;*
Australia Post Superannuation Scheme;Non public offer;Public Sector;Government base;PostSuper Pty Ltd;Other ownership type;Not for profit status;31577;6957400;12727;18850;;0;2293898;4648502;;15000;*;509;1818;1919;2326;2711;1925;994;388;*;*;;*;38249;218607;295761;436167;595997;408789;207735;71397;*;*;;*;684;2328;2443;3267;4051;3236;1725;785;*;*;;*;50659;312270;485713;840295;1228207;968183;495431;194981;*;*;
Australia's Unclaimed Super Fund;Public offer;Retail - ERF;General base;Industry Funds Investments Ltd;Financial services corporation ownership;For profit status;921264;1355184;399532;517313;;4419;585648;766179;;3357;13383;99819;127217;54063;38941;29648;18658;9971;4177;1451;130;2074;14368;118132;170198;96130;76466;57588;29474;14434;5725;1445;209;1479;25693;144868;148868;64437;47342;36629;23585;13477;6196;2668;275;3275;26557;175049;207221;114030;86872;70887;42546;26951;9546;3430;409;2681
Australian Catholic Superannuation and Retirement Fund;Public offer;Industry;Industry base;SCS Super Pty. Limited;Employer sponsor (non-public sector) ownership;Not for profit status;91590;9095139;67979;*;;*;6059560;*;;*;4099;11189;14186;8578;8059;7535;6606;4502;2291;*;*;;16244;334757;802194;627696;760444;993871;1082954;842797;435011;*;*;;2494;3756;3807;2197;2050;2295;2879;2146;1300;*;*;;6832;110015;325318;285465;321229;479142;674237;453906;258693;*;*;
Australian Defence Force Superannuation Scheme;Non public offer;Public Sector;Government base;Commonwealth Superannuation Corporation;Public sector organisation ownership;Not for profit status;15789;281441;*;*;*;;*;206798;*;;2869;1117;218;63;37;*;*;*;;;;;35428;27550;7950;2223;1087;*;*;*;;;;;7497;2789;581;178;149;*;*;*;*;;;;91132;67134;19551;7647;7889;*;*;*;*;;;
Australian Eligible Rollover Fund;Public offer;Retail - ERF;General base;Perpetual Superannuation Limited;Financial services corporation ownership;For profit status;242844;565057;104758;138086;;;213601;351456;;;646;10227;37921;22283;14420;10653;6786;1232;294;244;*;*;696;9275;54806;54803;44526;28187;15939;3200;1425;695;*;*;755;12703;46231;28310;20078;16501;10332;2041;553;503;*;*;923;11436;67553;73665;74643;64295;42076;10703;3379;2674;*;*
Australian Ethical Retail Superannuation Fund;Public offer;Retail;General base;Australian Ethical Superannuation Pty Ltd;Financial services corporation ownership;For profit status;43079;2258333;23880;19161;;38;1130541;1127680;;112;2887;7910;6452;2191;1553;1232;845;492;208;*;*;;10318;180014;330744;148496;120316;126662;94418;76360;27933;*;*;;2071;6263;5205;1935;1286;1005;676;408;214;*;*;;6963;146635;324952;175010;143008;128460;102321;59446;29229;*;*;
Australian Meat Industry Superannuation Trust;Public offer;Industry;Industry base;Australian Meat Industry Superannuation Pty Ltd;Nominating organisation ownership;Not for profit status;69931;2304462;17556;52375;;;456311;1848151;;;2764;5286;3742;1767;1569;1266;741;310;*;*;;*;9380;52692;98444;63423;71608;71708;47840;29634;*;*;;*;9125;16721;11485;5015;3581;2936;1993;972;*;*;*;*;41718;262688;452715;288181;243209;241793;174497;86181;*;*;*;*
AustralianSuper;Public offer;Industry;General base;AustralianSuper Pty Ltd;Nominating organisation ownership;Not for profit status;2155463;166103397;860195;1294863;;405;55509504;110569437;;24456;113640;208203;190674;90900;78896;72238;54916;31725;14115;4624;238;26;577004;5097179;10236144;6754386;6959891;8162402;7954288;5936089;2853213;946435;32421;52;171392;316758;292342;132866;114851;105135;80893;47729;23232;9145;496;24;928099;9189054;20906818;14150770;15073281;17456037;15383552;10148096;5256932;1999403;77317;78
Avanteos Superannuation Trust;Public offer;Retail;General base;Avanteos Investments Limited;Financial services corporation ownership;For profit status;30014;9451989;14414;15600;;;4306635;5145354;;;57;404;1136;915;1029;1465;2468;2654;2128;1950;208;;514;22041;119789;152725;221916;468932;868334;1022999;776919;601465;51001;;95;493;1368;1126;1239;1597;2391;2677;2197;2130;287;;3963;32891;175789;227324;332559;637685;1038076;1114537;839278;670982;72270;
AvSuper Fund;Public offer;Public Sector;Corporate base;AvSuper Pty Ltd;Financial services corporation ownership;Not for profit status;6340;2179996;1620;4720;;;379304;1800692;;;27;244;359;269;195;188;166;97;53;*;*;;283;17155;49390;69972;58479;72335;56931;33612;16217;*;*;;66;670;990;618;524;684;485;437;202;*;*;;788;60036;183244;237804;247951;455895;288571;226477;84886;*;*;
AvWrap Retirement Service;Public offer;Retail;General base;I.O.O.F. Investment Management Limited;Financial services corporation ownership;For profit status;1172;435156;593;579;;;203335;231821;;;;*;29;*;28;54;96;107;100;143;*;;;*;3683;*;7894;20112;50145;37484;35769;37945;*;;*;*;25;*;31;55;90;103;94;130;*;;*;*;4324;*;10659;24815;52855;45745;34936;47357;*;
Boc Gases Superannuation Fund;Non public offer;Corporate;Corporate base;BOC Superannuation Pty Ltd;Financial services corporation ownership;Not for profit status;3239;734630;944;2295;;;139650;594980;;;*;181;270;144;101;91;55;46;*;*;*;;*;7907;27431;22539;21272;17823;16825;15083;*;*;*;;*;293;464;315;308;335;241;153;*;57;*;;*;17161;63297;66731;92792;145646;94618;63583;*;21357;*;
Building Unions Superannuation Scheme (Queensland);Public offer;Industry;Industry base;BUSS (Queensland) Pty Ltd;Nominating organisation ownership;Not for profit status;80467;5020068;5653;74814;;;399938;4620130;;;639;1092;1166;657;556;539;439;317;162;*;*;;8118;25509;54570;47194;38273;51778;61497;61406;29810;*;*;;7593;18607;18567;9078;7398;6288;4279;1925;760;*;*;*;66341;619843;1152922;667798;628178;607319;467777;250642;112847;*;*;*
Care Super;Public offer;Industry;Industry base;CARE Super Pty Ltd;Financial services corporation ownership;Not for profit status;245598;16124329;140084;104845;;669;8393057;7726486;;4786;12722;28003;33263;18219;15421;13411;9636;5675;2697;870;167;;47954;610937;1579564;1186106;1206545;1289289;1152791;801957;386505;127266;4144;;11150;23370;25218;12629;10409;8825;6614;3719;1894;818;199;;44988;540758;1556118;1132504;1125761;1176026;1004485;646901;328261;165263;5420;
Challenger Retirement Fund;Public offer;Retail;General base;Challenger Retirement and Investment Services Limited;Financial services corporation ownership;For profit status;4030;621788;2159;1871;;;336164;285624;;;;*;*;34;51;102;212;370;470;662;228;;;*;*;1314;5648;20233;56888;83048;82417;73507;12615;;;*;*;31;40;57;167;273;398;579;293;;;*;*;2147;3212;6871;48193;67792;73792;63995;19034;
Christian Super;Public offer;Industry;Industry base;Christian Super Pty Limited;Employer sponsor (non-public sector) ownership;Not for profit status;28082;1584845;16578;11429;;75;778368;802064;;4413;1802;2931;3969;2108;1814;1633;1249;689;282;101;;;4820;58586;153189;105267;112289;122435;119250;66808;25708;10016;;;1548;1995;2262;1110;1085;1077;1063;690;403;*;*;;3768;50201;147680;100452;111844;115914;130814;76360;44521;*;*;
Citibank Australia Staff Superannuation Fund;Non public offer;Corporate;Corporate base;Citibank Australia Staff Superannuation Pty Limited;Employer sponsor (non-public sector) ownership;Not for profit status;*;*;*;*;*;*;*;*;*;*;*;*;*;*;*;*;*;*;*;*;*;*;*;*;*;*;*;*;*;*;*;*;*;*;*;*;*;*;*;*;*;*;*;*;*;*;*;*;*;*;*;*;*;*;*;*;*;*
ClearView Retirement Plan;Public offer;Retail;General base;ClearView Life Nominees Pty Limited;Financial services corporation ownership;For profit status;41120;1991291;*;*;;*;*;1078632;;*;148;2848;4861;2219;1947;1504;1015;776;988;1275;*;;167;5167;23591;35194;52519;69190;123977;202471;205104;184747;*;;184;3672;6297;2955;2629;2447;1725;933;860;1532;*;;80;7976;39869;50353;63172;104017;169636;195734;206309;226894;*;
Club Plus Superannuation Scheme;Public offer;Industry;Industry base;Club Plus Superannuation Pty Ltd;Nominating organisation ownership;Not for profit status;76764;2909840;38976;37788;;;1321020;1588820;;;7043;8474;7996;3935;3603;3606;2538;1177;467;*;*;*;28790;135596;222480;153504;181845;225978;196985;113045;48568;*;*;*;7336;9007;7501;3600;2884;2856;2420;1251;653;*;*;*;30084;165596;293867;203902;203136;248031;226228;135737;61203;*;*;*
Club Super;Non public offer;Industry;Industry base;Club Plus QLD Pty Ltd;Other ownership type;Not for profit status;20918;587484;11749;9169;;;303015;284469;;;2168;2648;2531;1250;1016;1015;658;334;104;*;*;*;8047;33827;54150;40493;41921;52287;39072;25586;6402;*;*;*;1914;2251;1934;871;648;644;437;276;154;*;*;*;6898;33366;59223;40934;38163;43868;29681;20873;9594;*;*;*
Colonial First State FirstChoice Superannuation Trust;Public offer;Retail;General base;Colonial First State Investments Limited;Financial services corporation ownership;For profit status;720423;80012944;*;*;;*;*;46567126;;*;15529;49125;56139;28406;25317;25824;30113;30349;25463;21099;*;;80565;1145909;2930009;2191454;2430425;3461306;5673896;6670742;5113046;3502162;*;;21992;67512;81299;40408;35845;36315;39269;34216;27263;24168;*;;107300;1735487;5296479;3995934;4365599;5849054;7534367;7294721;5783792;4230463;*;
Colonial First State Rollover & Superannuation Fund;Public offer;Retail;General base;Colonial First State Investments Limited;Financial services corporation ownership;For profit status;29642;2742228;*;*;;*;*;1627833;;*;*;*;1414;2512;2804;2265;1303;751;696;1835;402;;*;*;87649;188870;244327;210059;122482;66808;55177;115586;18501;;*;*;1576;2140;2595;2806;1914;1062;803;1898;648;;*;*;128806;229232;309962;356809;243237;120377;75992;125328;31291;
Colonial Super Retirement Fund;Public offer;Retail;General base;Colonial Mutual Superannuation Pty. Ltd.;Financial services corporation ownership;For profit status;81496;3348269;29399;52097;;;1144072;2204197;;;;138;4162;4913;5905;5432;3780;1435;761;1927;946;;;3264;77047;154070;219561;217140;147027;88180;53259;134885;49639;;*;*;5403;7536;10266;11578;8783;2848;1411;2152;1881;;*;*;128354;215502;366215;487516;417689;199359;109576;167400;108745;
CommInsure Corporate Insurance Superannuation Trust;Public offer;Retail;Corporate base;Diversa Trustees Limited;Financial services corporation ownership;For profit status;7036;0;2385;4651;;;0;0;;;123;949;818;227;131;92;*;*;0;;;;0;0;0;0;0;0;*;*;0;;;;109;1235;1683;623;482;327;*;*;*;;;;0;0;0;0;0;0;*;*;*;;;
Commonwealth Bank Approved Deposit Fund;Public offer;Retail;General base;Colonial Mutual Superannuation Pty. Ltd.;Financial services corporation ownership;For profit status;1406;9787;695;711;;;4955;4832;;;;;;49;227;257;162;;;;;;;;;89;816;1656;2394;;;;;;;;;45;196;231;239;;;;;;;;;96;630;1659;2447;;;;;
Commonwealth Bank Group Super;Non public offer;Corporate;Corporate base;Commonwealth Bank Officers Superannuation Corporation Pty Limited;Employer sponsor (non-public sector) ownership;Not for profit status;73385;11772815;42838;30547;;;5377941;6394874;;;1842;9980;12823;5746;4314;3172;2164;1095;409;477;816;;19542;416595;1097480;885855;907985;813304;566939;305080;123337;125848;115976;;1475;7120;8969;3805;2785;2200;1575;917;612;503;586;;14514;345022;1018672;790566;866436;1073797;852301;556072;395360;317347;164787;
Commonwealth Essential Super;Public offer;Retail;General base;Colonial First State Investments Limited;Financial services corporation ownership;For profit status;272352;3777756;119793;152559;;;1329640;2448116;;;23730;61482;19271;5693;3964;2819;1715;710;300;*;*;;88474;517956;334415;129209;96823;81296;48238;21856;8718;*;*;;26674;76308;27757;7725;5314;4017;2618;1383;533;*;*;;112240;873881;729218;248872;184364;146109;91993;41535;15277;*;*;
Construction & Building Unions Superannuation;Public offer;Industry;Industry base;United Super Pty Ltd;Nominating organisation ownership;Not for profit status;766494;50991210;68309;697777;;408;4068312;46917266;;5632;8606;15712;14498;8113;7180;6156;4207;2511;1062;*;*;;35987;353560;703782;542437;573757;623916;562486;429463;186807;*;*;;108909;192180;148982;70576;60323;52659;36124;18340;7402;*;*;*;738072;6381948;10613118;6712297;6615293;6809886;4929143;2626980;1128909;*;*;*
Crescent Wealth Superannuation Fund;Public offer;Retail;General base;Equity Trustees Superannuation Limited;Financial services corporation ownership;For profit status;8860;246995;*;*;;*;*;188730;;*;492;1294;866;198;134;57;26;*;*;*;*;;1288;17671;22567;6313;6218;2782;962;*;*;*;*;;559;2099;2266;397;236;124;57;*;*;*;;;1596;41334;92232;24033;17033;8413;2606;*;*;*;;
Crown Employees (NSW Fire Brigades Firefighting Staff Death & Disability) Superannuation Fund;Non public offer;Public Sector;Government base;NSW Fire Brigades Superannuation Pty Limited;Public sector organisation ownership;Not for profit status;6659;0;613;6046;;;0;0;;;39;220;192;80;47;*;*;*;;;;;0;0;0;0;0;*;*;*;;;;;197;1121;1630;1084;931;*;*;*;*;*;;;0;0;0;0;0;*;*;*;*;*;;
CSS Fund;Non public offer;Public Sector;Government base;Commonwealth Superannuation Corporation;Public sector organisation ownership;Not for profit status;111894;0;*;*;;*;*;0;;*;*;*;24;*;1358;3248;4617;6182;7322;13147;12639;*;*;*;0;*;0;0;0;0;0;0;0;*;*;;*;*;1845;4816;8099;11672;12745;15360;8288;;*;;*;*;0;0;0;0;0;0;0;
CUBS Superannuation Fund;Public offer;Retail;General base;Equity Trustees Superannuation Limited;Financial services corporation ownership;For profit status;1301;76794;515;786;;;23288;53506;;;65;60;73;57;70;60;51;32;*;*;*;;208;923;2063;1155;1995;2383;4739;4444;*;*;*;;71;108;114;61;72;93;89;75;*;*;*;;342;1841;4165;3006;3808;6345;14305;9451;*;*;*;
Definitive Superannuation Plan;Public offer;Retail;General base;Macquarie Investment Management Ltd;Financial services corporation ownership;For profit status;*;*;*;*;*;*;*;*;*;*;*;*;*;*;*;*;*;*;*;*;*;*;*;*;*;*;*;*;*;*;*;*;*;*;*;*;*;*;*;*;*;*;*;*;*;*;*;*;*;*;*;*;*;*;*;*;*;*
Deseret Benefit Plan for Australia;Non public offer;Corporate;Corporate base;The Trustees for Licence L0002219;Other ownership type;Not for profit status;*;*;*;*;*;*;*;*;*;*;*;*;*;*;*;*;*;*;*;*;*;*;*;*;*;*;*;*;*;*;*;*;*;*;*;*;*;*;*;*;*;*;*;*;*;*;*;*;*;*;*;*;*;*;*;*;*;*
DIY Master Plan;Public offer;Retail;General base;Diversa Trustees Limited;Financial services corporation ownership;For profit status;7065;419575;2884;4181;;;177800;241775;;;717;1312;221;93;*;93;109;92;87;*;*;;1339;6165;11575;11700;*;17275;26023;37824;29609;*;*;;957;1759;497;205;*;117;116;138;187;*;*;;2951;19019;33207;18169;*;24703;38038;36438;27793;*;*;
Dow Australia Superannuation Fund;Non public offer;Retail;Corporate base;Towers Watson Superannuation Pty Ltd;Financial services corporation ownership;For profit status;297;85977;101;196;;;18261;67716;;;;21;29;*;*;*;*;*;*;;;;;429;2587;*;*;*;*;*;*;;;;*;24;28;*;*;*;*;*;*;;;;*;503;3473;*;*;*;*;*;*;;;
DPM Retirement Service;Public offer;Retail;General base;Nulis Nominees (Australia) Limited;Financial services corporation ownership;For profit status;437;59042;220;217;;;31305;27737;;;;*;*;*;*;*;*;30;59;82;*;;;*;*;*;*;*;*;4481;8518;11727;*;;;*;*;*;*;*;*;32;36;98;*;;;*;*;*;*;*;*;5504;3821;11268;*;
Encircle Superannuation Fund;Public offer;Retail;General base;Avanteos Investments Limited;Financial services corporation ownership;For profit status;5766;2198137;2905;2861;;;1089269;1108868;;;*;*;85;84;123;271;527;629;558;540;59;;*;*;11152;15675;30152;109003;216168;251695;221515;206856;21218;;*;*;106;90;134;258;496;600;513;534;100;;*;*;15871;21496;42688;115064;236194;242457;205609;199329;27230;
Energy Industries Superannuation Scheme-Pool A;Public offer;Public Sector;Government base;Energy Industries Superannuation Scheme Pty Ltd;Nominating organisation ownership;Not for profit status;19440;3839384;*;*;;*;*;3064693;;*;304;662;1122;631;443;517;517;389;228;*;*;;1338;27441;124520;95630;76244;100357;141961;123220;63862;*;*;;983;3115;3340;1519;1105;1258;1367;890;619;*;*;;8432;247170;547336;312474;260710;424883;528459;376960;245066;*;*;
Energy Industries Superannuation Scheme-Pool B;Non public offer;Public Sector;Government base;Energy Industries Superannuation Scheme Pty Ltd;Nominating organisation ownership;Not for profit status;2720;1975377;262;2458;;;118714;1856663;;;*;;*;48;46;66;24;*;*;29;*;;*;;*;19887;19041;33867;18970;*;*;6565;*;;*;;*;286;443;636;397;*;*;185;*;;*;;*;165109;296982;533559;359321;*;*;101151;*;
Energy Super;Public offer;Industry;Industry base;Electricity Supply Industry Superannuation (QLD) Ltd;Public company ownership;Not for profit status;48422;7380282;8822;39600;;;1327326;6052956;;;633;1354;1974;1055;879;914;733;588;425;*;*;;3944;58648;189633;147088;140043;199733;216143;187375;125104;*;*;;4439;9529;8969;4069;3500;3317;2743;1534;862;*;*;;38864;465704;1014507;670616;802137;1032173;943877;555284;315375;*;*;
equipsuper;Public offer;Industry;General base;Togethr Trustees Pty Ltd;Other ownership type;Not for profit status;72845;14977890;21221;51624;;;2747498;12230392;;;854;4524;6740;2927;2165;1770;1167;662;313;99;;;6834;206455;646626;415363;400936;398002;318452;218595;104595;31640;;;1692;9381;13115;6935;6422;5915;4198;2363;1152;*;*;;18442;568257;1680220;1453891;1916659;2497157;2022574;1202396;640404;*;*;
Factory Mutual Insurance Company Superannuation Fund;Public offer;Retail;Corporate base;Equity Trustees Superannuation Limited;Financial services corporation ownership;For profit status;*;*;*;*;*;*;*;*;*;*;*;*;*;*;*;*;*;*;*;*;*;*;*;*;*;*;*;*;*;*;*;*;*;*;*;*;*;*;*;*;*;*;*;*;*;*;*;*;*;*;*;*;*;*;*;*;*;*
Fiducian Superannuation Fund;Public offer;Retail;General base;Fiducian Portfolio Services Limited;Financial services corporation ownership;For profit status;6243;1435158;3120;3123;;;667946;767212;;;20;98;223;196;239;302;450;480;416;607;89;;149;4250;18612;22382;33133;80332;134514;133381;106345;125286;9562;;33;111;215;210;264;413;434;426;370;537;110;;315;6606;24769;35045;57839;135915;141480;127403;111493;113792;12555;
Fire and Emergency Services Superannuation Fund;Non public offer;Public Sector;Government base;Fire and Emergency Services Superannuation Board;Public sector organisation ownership;Not for profit status;2327;665116;547;1780;;;76604;588512;;;*;62;123;78;59;65;44;45;*;*;*;;*;2831;10306;8627;7291;10546;10627;12699;*;*;*;;*;274;379;226;203;222;184;88;*;*;*;;*;19162;61034;67582;93047;142946;112465;46500;*;*;*;
First State Superannuation Scheme;Public offer;Public Sector;Government base;FSS Trustee Corporation;Other ownership type;Not for profit status;861118;96225672;561110;298596;155;1257;58462571;37758577;1149;3375;23278;93709;112882;65922;61098;63115;62331;43012;22530;12174;*;*;137581;3204041;8329017;6592941;6809020;8805515;10082593;8026703;4395276;1994545;*;*;12177;47293;56555;32787;29812;30738;34152;27681;15948;10460;*;*;64661;1709909;5165269;4254649;4255772;5122592;6294130;5587309;3322847;1868318;*;*
First Super;Public offer;Industry;Industry base;First Super Pty Limited;Nominating organisation ownership;Not for profit status;51640;3170495;7946;43662;;32;417227;2753143;;125;607;1096;1593;1049;1107;1131;774;387;163;*;*;;2201;20733;59819;55745;70647;82467;63836;39172;17384;*;*;;4508;8233;10239;5723;5015;4427;3263;1482;566;*;*;;24326;201374;523656;403961;484329;501642;373751;162419;58303;*;*;
Future Super Fund;Public offer;Retail;General base;Diversa Trustees Limited;Financial services corporation ownership;For profit status;14776;458607;8197;6409;;170;235978;219939;;2690;1730;3247;1672;483;355;301;220;138;*;*;0;;4425;63884;71332;26036;19390;21844;13884;11231;*;*;0;;1286;2495;1366;402;277;233;160;123;*;*;*;;3157;49347;71394;25282;19371;22088;14101;10460;*;*;*;
Goldman Sachs & JBWere Superannuation Fund;Non public offer;Corporate;Corporate base;BEST Superannuation Pty Ltd;Financial services corporation ownership;Not for profit status;1828;495024;747;1081;;;160001;335023;;;24;123;260;152;82;50;20;*;*;*;*;;268;7318;34501;32993;28108;24484;15321;*;*;*;*;;33;187;374;186;132;82;40;*;*;*;*;;308;12778;62086;62134;66547;57656;37178;*;*;*;*;
Grosvenor Pirie Master Superannuation Fund Series 2;Public offer;Retail;General base;Diversa Trustees Limited;Financial services corporation ownership;For profit status;11555;105642;5499;5667;;389;58910;46528;;204;1849;1492;964;433;307;238;124;61;*;*;*;;1959;10999;18700;9414;7644;4782;2067;664;*;*;*;;1370;1538;1202;515;404;282;206;94;*;*;*;;1243;8422;14875;6908;7134;3387;2300;450;*;*;*;
Grow Super SMA;Public offer;Retail;General base;Diversa Trustees Limited;Financial services corporation ownership;For profit status;*;*;*;*;*;*;*;*;*;*;*;*;*;*;*;*;*;*;*;*;*;*;*;*;*;*;*;*;*;*;*;*;*;*;*;*;*;*;*;*;*;*;*;*;*;*;*;*;*;*;*;*;*;*;*;*;*;*
Guild Retirement Fund;Public offer;Retail;Industry base;Guild Trustee Services Pty. Limited;Financial services corporation ownership;For profit status;82232;1933058;69407;12825;;;1622836;310222;;;20456;22371;13729;4701;3302;2422;1531;630;208;*;*;;92867;434050;463830;201410;157320;135521;87348;38820;9270;*;*;;5011;4283;1907;531;341;284;219;118;69;*;*;;18077;78877;98112;35903;25962;22875;19761;6247;2437;*;*;
Health Employees Superannuation Trust Australia;Public offer;Industry;Industry base;H.E.S.T. Australia Ltd.;Nominating organisation ownership;Not for profit status;858438;51744543;684902;172625;;911;40546836;11147853;;49854;55961;158743;146486;74085;70233;71834;58450;31847;12660;4493;*;*;323587;4130139;7066758;4767282;5420743;6849196;6335221;3676907;1458984;505792;*;*;18083;43130;37961;17091;14796;14658;12349;8034;3700;2677;*;*;80700;1027085;2057955;1331597;1413479;1712491;1589610;1052596;521303;344830;*;*
Heidelberg Australia Superannuation Fund;Non public offer;Retail;Corporate base;Towers Watson Superannuation Pty Ltd;Financial services corporation ownership;For profit status;*;*;*;*;*;*;*;*;*;*;*;*;*;*;*;*;*;*;*;*;*;*;*;*;*;*;*;*;*;*;*;*;*;*;*;*;*;*;*;*;*;*;*;*;*;*;*;*;*;*;*;*;*;*;*;*;*;*
Holden Employees Superannuation Fund;Non public offer;Corporate;Corporate base;Holden Employees Superannuation Fund Pty Ltd;Financial services corporation ownership;Not for profit status;2152;451021;226;1926;;;40747;410274;;;;*;41;64;58;27;25;*;*;;;;;*;6228;10487;7208;5747;6677;*;*;;;;;*;355;452;403;409;188;*;*;*;;;;*;51704;84701;72611;108583;56793;*;*;*;;
HOSTPLUS Superannuation Fund;Public offer;Industry;Industry base;Host-Plus Pty. Limited;Nominating organisation ownership;Not for profit status;1193243;44680088;612812;551719;;28712;20185826;23976182;;518080;137531;211192;126284;46125;34144;28195;17603;7946;2940;822;*;*;547341;4294378;5513682;2593299;2203369;2169931;1550328;852796;338462;119066;*;*;121298;197421;118578;39705;27205;21237;14358;7547;3142;1157;*;*;456871;4418492;7034224;3394575;2750257;2490451;1843587;1008357;409016;165163;*;*
HUB24 Super Fund;Public offer;Retail;General base;Diversa Trustees Limited;Financial services corporation ownership;For profit status;23577;5853984;9760;13817;;;2538280;3315704;;;*;282;1224;935;904;1149;1668;1770;1059;712;*;;*;17634;130380;137474;178141;295332;524563;644990;354290;227940;*;;*;596;2465;1665;1607;1732;1959;1777;1151;769;*;;*;45391;288646;280176;309761;440288;652969;618409;410303;250322;*;
IAG & NRMA Superannuation Plan;Non public offer;Corporate;Corporate base;IAG & NRMA Superannuation Pty Ltd;Employer sponsor (non-public sector) ownership;Not for profit status;14225;2173664;8160;6065;;;950257;1223408;;;313;1807;2757;1228;857;592;353;163;52;*;*;;3231;77493;264221;183086;161796;128138;78128;38262;12023;*;*;;237;1143;1711;896;685;602;444;196;97;*;*;;2189;46780;204700;184711;202315;243829;191812;93908;35426;*;*;
Incitec Pivot Employees Superannuation Fund;Non public offer;Retail;Corporate base;Towers Watson Superannuation Pty Ltd;Financial services corporation ownership;For profit status;883;200998;206;677;;;28722;172276;;;*;39;68;26;25;30;*;*;;*;;;*;2042;5004;3894;5765;5822;*;*;;*;;;*;58;172;118;95;120;*;*;*;*;;;*;3800;25813;21452;26997;41607;*;*;*;*;;
ING Superannuation Fund;Public offer;Retail;General base;Diversa Trustees Limited;Financial services corporation ownership;For profit status;61305;2844018;28895;32410;;;1114752;1729266;;;3920;8499;7895;2405;1791;1514;1230;934;500;*;*;;16825;146276;296303;119113;103232;117079;107505;108568;66760;*;*;;3989;9449;9507;2810;1906;1548;1333;1018;568;*;*;;19708;217200;514071;225043;173456;170767;152371;146828;64918;*;*;
Intrust Super Fund;Public offer;Industry;Industry base;IS INDUSTRY FUND PTY LTD;Nominating organisation ownership;Not for profit status;120554;2785270;64184;56370;;;1322773;1462497;;;13442;21828;14623;5148;3534;2902;1690;703;218;60;*;*;41905;265211;352317;185372;154927;148588;104467;49931;16043;3870;*;*;11058;20028;12834;4775;3112;2151;1392;626;272;81;;41;33568;250009;417997;229201;199913;159518;97415;46193;20549;7964;;170
IOOF Portfolio Service Superannuation Fund;Public offer;Retail;General base;I.O.O.F. Investment Management Limited;Financial services corporation ownership;For profit status;301878;29395894;*;*;;*;*;16770366;;*;9616;24370;28293;14216;11797;10241;9848;8671;7574;8686;1416;*;276600;623537;1311003;925252;947696;1184448;1934356;2247904;1710642;1334004;129229;*;11686;29481;34479;18298;15692;14636;12910;10012;7811;9717;2126;*;346178;800189;1902306;1482681;1610308;2109611;2517476;2482410;1820997;1542126;155184;*
ISARF Superannuation Fund;Public offer;Retail;General base;Diversa Trustees Limited;Financial services corporation ownership;For profit status;0;0;;;;;;;;;;;;;;;;;;;;;;;;;;;;;;;;;;;;;;;;;;;;;;;;;;;;;;;;
Itochu Australia Superannuation Plan;Non public offer;Retail;;Equity Trustees Superannuation Limited;Financial services corporation ownership;For profit status;*;*;*;*;*;*;*;*;*;*;*;*;*;*;*;*;*;*;*;*;*;*;*;*;*;*;*;*;*;*;*;*;*;*;*;*;*;*;*;*;*;*;*;*;*;*;*;*;*;*;*;*;*;*;*;*;*;*
Jamestrong Packaging Australia Superannuation Fund;Non public offer;Retail;Corporate base;Towers Watson Superannuation Pty Ltd;Financial services corporation ownership;For profit status;*;*;*;*;*;*;*;*;*;*;*;*;*;*;*;*;*;*;*;*;*;*;*;*;*;*;*;*;*;*;*;*;*;*;*;*;*;*;*;*;*;*;*;*;*;*;*;*;*;*;*;*;*;*;*;*;*;*
L&H Group Superannuation Fund;Public offer;Retail;Corporate base;Equity Trustees Superannuation Limited;Financial services corporation ownership;For profit status;*;*;*;*;*;*;*;*;*;*;*;*;*;*;*;*;*;*;*;*;*;*;*;*;*;*;*;*;*;*;*;*;*;*;*;*;*;*;*;*;*;*;*;*;*;*;*;*;*;*;*;*;*;*;*;*;*;*
Labour Union Co-Operative Retirement Fund;Public offer;Industry;Industry base;L.U.C.R.F. Pty. Ltd.;Nominating organisation ownership;Not for profit status;131621;6655783;*;*;*;*;*;4807718;*;*;5242;9431;8689;4474;4479;4202;3434;1833;697;*;*;;16255;149918;318835;239578;274119;313523;274794;178078;66329;*;*;;11414;21730;19859;9311;8620;7583;5771;3029;1246;*;*;;44695;415969;978048;684487;750873;792251;607776;345439;143038;*;*;
legalsuper;Public offer;Industry;Industry base;Legal Super Pty Ltd;Nominating organisation ownership;Not for profit status;44619;4097090;31604;*;;*;2483825;*;;*;2710;8338;7767;3529;2913;2362;1955;1241;595;*;*;;14683;271062;577774;341763;327444;320539;302629;198671;100454;*;*;;1215;3294;2837;1308;1057;925;970;758;419;*;*;;5069;100935;260260;173456;186320;204554;252844;205042;120316;*;*;
LESF Super;Public offer;Retail;General base;Diversa Trustees Limited;Financial services corporation ownership;For profit status;28555;226019;*;*;;*;*;109669;;*;2107;4781;3179;1158;757;557;309;110;*;*;*;;4285;27891;31206;15791;10983;10328;8757;3007;*;*;*;;1461;4900;4542;1814;1231;968;465;137;*;*;*;;2100;22846;29874;16636;13284;12269;7221;3729;*;*;*;
LGIAsuper;Public offer;Public Sector;Government base;LGIAsuper Trustee;Public sector organisation ownership;Not for profit status;81610;12272971;32262;49348;;;3961688;8311283;;;2239;5712;7461;4371;3694;3349;2685;1522;806;403;20;;20420;317913;785812;627513;597427;588820;502333;299078;152076;68132;2164;;2527;6988;9305;6020;5917;6480;5704;3611;1713;1011;72;;27469;378814;1080668;991634;1244159;1661951;1455681;883426;393088;186146;8247;
Lifefocus Superannuation Fund;Public offer;Retail;General base;CCSL Limited;Financial services corporation ownership;For profit status;3703;460779;1671;2032;;;211543;249236;;;*;*;121;77;132;122;205;261;295;315;*;;*;*;3720;2793;7383;15088;35958;59310;47700;36162;*;;*;*;184;114;151;185;279;319;275;370;74;;*;*;4420;4653;13564;26074;47114;67263;42661;39835;2912;
Linfox Staff Superannuation Fund;Non public offer;Retail;Corporate base;Towers Watson Superannuation Pty Ltd;Financial services corporation ownership;For profit status;*;*;*;*;*;*;*;*;*;*;*;*;*;*;*;*;*;*;*;*;*;*;*;*;*;*;*;*;*;*;*;*;*;*;*;*;*;*;*;*;*;*;*;*;*;*;*;*;*;*;*;*;*;*;*;*;*;*
Local Authorities Superannuation Fund;Public offer;Public Sector;Government base;Vision Super Pty Ltd;Other ownership type;Not for profit status;100287;9804558;56371;*;*;;4412778;*;*;;3555;7662;10678;6822;6765;6714;5683;3838;2158;1438;1058;;11217;184148;591911;514318;594745;755926;772066;576171;279649;111730;20897;;3363;6558;6936;4278;4655;5190;4907;3758;2350;1488;430;;11255;161472;518314;472926;665236;974695;1111408;832230;443796;184465;15847;
Local Government Super;Public offer;Public Sector;Government base;LGSS Pty Limited;Nominating organisation ownership;Not for profit status;88409;11923468;39851;48558;;;3854903;8068565;;;3320;6115;8299;5079;4483;4365;3760;2538;1265;*;*;;19115;188835;525364;457765;491519;609408;672485;543990;252766;*;*;;3214;6489;7764;5097;5555;6501;6136;4319;2297;*;*;;22256;237194;648656;636420;1057760;1814411;1942427;1024222;487474;*;*;
Lutheran Super;Non public offer;Corporate;Corporate base;LCA NOMINEES PTY. LTD.;Financial services corporation ownership;Not for profit status;6403;563940;4436;1967;;;321505;242435;;;155;584;1058;635;599;570;479;229;*;*;;;664;16734;54858;43677;48129;58448;59655;27050;*;*;;;109;205;334;235;220;246;295;201;*;*;;;330;5861;26934;29291;35441;45188;51112;31632;*;*;;
Macquarie ADF Superannuation Fund;Public offer;Retail;General base;Macquarie Investment Management Ltd;Financial services corporation ownership;For profit status;*;*;*;*;*;*;*;*;*;*;*;*;*;*;*;*;*;*;*;*;*;*;*;*;*;*;*;*;*;*;*;*;*;*;*;*;*;*;*;*;*;*;*;*;*;*;*;*;*;*;*;*;*;*;*;*;*;*
Macquarie Superannuation Plan;Public offer;Retail;General base;Macquarie Investment Management Ltd;Financial services corporation ownership;For profit status;85920;22469036;40139;45781;;;10003350;12465686;;;165;2005;6039;3908;3615;4520;5355;5225;4302;4363;642;;6899;110534;585219;562035;683914;1241384;1865576;2038503;1570685;1219504;119097;;181;2454;7362;4885;4351;5189;6381;5378;4256;4411;933;;20573;155766;968018;901680;1080633;1808947;2429158;2107457;1635865;1215710;141879;
Macquarie University Professorial Superannuation Scheme;Non public offer;Retail;Corporate base;Diversa Trustees Limited;Financial services corporation ownership;For profit status;22;10227;*;*;;;*;*;;;*;*;*;*;*;*;*;*;*;*;*;*;*;*;*;*;*;*;*;*;*;*;*;*;*;*;*;*;*;*;*;*;*;*;*;*;*;*;*;*;*;*;*;*;*;*;*;*
Manildra Flour Mills Retirement Fund;Non public offer;Corporate;Corporate base;Manildra Flour Mills Retirement Fund Pty Limited;Employer sponsor (non-public sector) ownership;Not for profit status;*;*;*;*;*;*;*;*;*;*;*;*;*;*;*;*;*;*;*;*;*;*;*;*;*;*;*;*;*;*;*;*;*;*;*;*;*;*;*;*;*;*;*;*;*;*;*;*;*;*;*;*;*;*;*;*;*;*
Map Superannuation Plan;Public offer;Retail;General base;Diversa Trustees Limited;Financial services corporation ownership;For profit status;21238;777926;*;*;;*;*;469043;;*;409;1932;2307;1147;942;834;566;332;145;79;*;;1620;22566;51114;36448;33086;38781;44380;35058;23521;17579;*;;590;3127;3483;1589;1245;1017;759;421;172;90;*;;2681;42752;97721;58023;60753;55679;61911;39585;23432;21233;*;
Maritime Super;Public offer;Industry;Industry base;Maritime Super Pty Limited;Financial services corporation ownership;Not for profit status;26504;5617228;4783;21721;;0;689882;4927205;;141;*;496;841;548;523;479;484;484;437;298;*;;*;22378;76404;62685;66824;71695;114946;134681;91251;45829;*;;*;2447;4236;2878;2805;2804;2170;1606;1155;944;*;;*;195973;690210;660977;774699;875870;667099;497169;349712;200085;*;
Mason Stevens Super;Public offer;Retail;General base;Diversa Trustees Limited;Financial services corporation ownership;For profit status;554;155187;256;298;;;76083;79104;;;*;31;33;28;*;30;32;46;26;*;;;*;2048;3745;4890;*;11117;15956;15114;15812;*;;;;38;53;32;*;28;28;40;36;*;*;;;2867;6524;7069;*;10709;9266;16659;12386;*;*;
Max Super Fund;Public offer;Retail;General base;Tidswell Financial Services Ltd;Financial services corporation ownership;For profit status;4660;97816;2039;2621;;;40877;56939;;;123;630;590;254;221;135;54;*;*;*;;;388;7482;12565;6381;7667;3685;2284;*;*;*;;;97;707;838;375;260;168;105;*;*;*;*;;186;7400;19873;11845;6871;5922;2908;*;*;*;*;
Meat Industry Employees Superannuation Fund;Non public offer;Industry;Industry base;Meat Industry Employees Superannuation Fund Pty. Ltd.;Nominating organisation ownership;Not for profit status;21796;876851;5094;16702;;;152813;724038;;;613;1507;979;552;561;446;249;130;34;23;;;1864;12760;22930;19361;26615;29009;20262;13778;3318;2916;;;2102;5006;3698;1809;1414;1137;857;433;148;*;*;;8647;68317;144962;106663;106248;108103;97273;52325;17130;*;*;
Media Super;Public offer;Industry;General base;Media Super Limited;Nominating organisation ownership;Not for profit status;77796;5986492;31415;46381;;;1998942;3987550;;;3203;5639;7859;4435;3638;2927;1931;1021;525;*;*;;9525;122723;414595;338139;339052;321940;220545;133314;74082;*;*;;4242;7168;10181;6193;5724;5301;3723;2295;1037;*;*;;10692;150637;667647;612468;721290;763263;523842;336715;136348;*;*;
Mercer Portfolio Service Superannuation Plan;Public offer;Retail;General base;Mercer Superannuation (Australia) Limited;Financial services corporation ownership;For profit status;6364;2088306;2728;3636;;;765189;1323117;;;;*;*;*;96;162;365;516;629;837;51;;;*;*;*;13347;46498;137339;207586;183714;160904;8700;;;*;*;*;89;203;538;715;767;1155;125;;;*;*;*;25994;81926;271655;323768;310728;282571;16704;
Mercer Super Trust;Public offer;Retail;Corporate base;Mercer Superannuation (Australia) Limited;Financial services corporation ownership;For profit status;249056;24576473;100628;148352;;76;6678724;17897668;;81;4617;23340;33243;14513;10219;7040;3985;1790;908;673;300;;22038;509225;1778846;1224954;1102052;949872;584819;286611;127486;84641;8180;;5628;28445;43301;22116;17718;14727;9032;3977;1797;1277;334;;29864;747535;3225283;2939242;3217627;3684197;2338509;996995;469862;230790;17764;
Mercy Super;Non public offer;Corporate;Corporate base;Mercy Super Pty Ltd;Employer sponsor (non-public sector) ownership;Not for profit status;13659;1392536;10479;3180;;;995154;397382;;;596;2474;2771;1242;1084;1048;741;334;131;*;*;;5182;102164;215001;130798;145128;166396;123041;68662;25153;*;*;;182;632;827;446;370;295;213;124;69;*;*;;1376;21651;66085;61157;59980;65435;58702;30763;28756;*;*;
Military Superannuation & Benefits Fund No 1;Non public offer;Public Sector;Government base;Commonwealth Superannuation Corporation;Public sector organisation ownership;Not for profit status;179862;0;33370;146492;;;0;0;;;1909;8352;9905;5966;4301;2000;577;186;96;*;*;;0;0;0;0;0;0;0;0;0;*;*;;7499;43471;45294;23266;14307;7369;3087;1047;700;*;*;;0;0;0;0;0;0;0;0;0;*;*;
Mine Superannuation Fund;Public offer;Industry;Industry base;AUSCOAL Superannuation Pty Ltd;Nominating organisation ownership;Not for profit status;63488;10919880;*;*;*;*;*;9552598;*;*;495;1827;2240;1143;986;1016;1119;1165;647;*;*;;6021;101200;170029;106663;98946;138626;254867;314651;130713;*;*;;1872;8332;13153;6654;5815;5887;5029;3205;1687;*;*;;32380;717764;1859686;1187477;1268011;1602934;1404112;882849;421430;*;*;
MLC Super Fund;Public offer;Retail;General base;Nulis Nominees (Australia) Limited;Financial services corporation ownership;For profit status;1180621;80437352;472903;707153;;565;26601326;53830751;;5275;39836;103456;115392;58625;47648;38778;26533;15828;11714;12682;*;*;150545;1897126;5085618;3625438;3419374;3276063;2815572;2553609;1994476;1612735;*;*;47955;138568;167810;88497;78847;72338;52684;25333;15203;15810;4108;;191080;3018976;9405830;7470125;8332513;8966426;6972562;4178789;2855496;2172732;266222;
MLC Superannuation Fund;Public offer;Retail;General base;Nulis Nominees (Australia) Limited;Financial services corporation ownership;For profit status;87810;20732888;39734;48076;;;9032607;11700281;;;29;719;2955;2381;2596;3454;5590;7154;6748;7195;913;;899;47852;271740;302667;466791;970599;1829080;2137976;1633614;1271367;100022;;37;930;3905;3071;3414;4643;6949;8052;7353;8256;1466;;4002;67209;455868;502597;735431;1395562;2431310;2516551;1924733;1514555;152463;
MTAA Superannuation Fund;Public offer;Industry;Industry base;Motor Trades Association of Australia Superannuation Fund Pty. Limited;Employer sponsor (non-public sector) ownership;Not for profit status;204702;12364432;*;*;;*;*;10201054;;*;4932;8403;9413;5212;4478;3861;2525;1410;691;*;*;;22659;202286;439854;313267;318682;310629;230754;165441;108855;*;*;;24411;41121;37288;18856;14804;11778;8155;4209;1970;*;*;*;170483;1385204;2492337;1626184;1442915;1294715;929101;481566;249836;*;*;*
Munich Holdings of Australasia Pty Ltd Superannuation Scheme;Non public offer;Retail;Corporate base;Towers Watson Superannuation Pty Ltd;Financial services corporation ownership;For profit status;185;51376;90;95;;;17026;34350;;;*;*;28;*;*;*;*;*;*;*;*;;*;*;3059;*;*;*;*;*;*;*;*;;;*;28;*;*;*;*;*;*;*;*;;;*;4199;*;*;*;*;*;*;*;*;
MyLifeMyMoney Superannuation Fund;Public offer;Industry;Industry base;CSF Pty Limited;Other ownership type;Not for profit status;75648;9889121;50880;24768;;;6260905;3628216;;;2632;6825;8854;5615;5929;6301;6265;4757;2603;1071;28;;10646;196760;549837;531068;784738;1088983;1287164;1043001;555405;209302;4001;;1858;3368;4102;2425;2609;2732;2982;2346;1495;798;53;;5951;84239;289580;268131;433121;624485;836289;576303;341276;160962;7879;
National Mutual Pro-Super Fund;Public offer;Retail;General base;N. M. Superannuation Proprietary Limited;Financial services corporation ownership;For profit status;*;*;*;*;*;*;*;*;*;*;*;*;*;*;*;*;*;*;*;*;*;*;*;*;*;*;*;*;*;*;*;*;*;*;*;*;*;*;*;*;*;*;*;*;*;*;*;*;*;*;*;*;*;*;*;*;*;*
National Mutual Retirement Fund;Public offer;Retail;General base;N. M. Superannuation Proprietary Limited;Financial services corporation ownership;For profit status;64746;2022389;18199;46547;;;476650;1545739;;;;;218;2194;5127;5136;3463;1311;536;*;*;;;;3460;38243;110775;138808;108627;46877;20709;*;*;;;*;476;4546;10501;13707;11057;4042;1523;*;*;*;;*;9902;106565;303753;466020;409368;158937;62222;*;*;*
NESS Super;Public offer;Industry;Industry base;NESS Super Pty Ltd;Nominating organisation ownership;Not for profit status;13360;820394;832;12528;;;46509;773885;;;96;144;206;121;81;86;47;*;*;*;;;394;3414;9550;6955;5963;7841;4764;*;*;*;;;2640;3613;2617;1159;847;819;529;*;*;*;;*;18794;144398;204740;105213;94850;102386;66960;*;*;*;;*
Netwealth Superannuation Master Fund;Public offer;Retail;General base;Netwealth Investments Limited;Financial services corporation ownership;For profit status;54144;9771995;23662;30482;;;4190493;5581502;;;254;2119;4458;2600;2314;2755;3159;2631;1835;1413;124;;5097;95274;344033;292065;344082;542455;842523;799806;526627;374043;24488;;322;3010;6188;3648;3197;3598;3753;3144;1954;1494;174;;4676;158519;607696;511618;567653;835938;1001467;909649;571322;381929;31035;
NGS Super;Public offer;Industry;Industry base;NGS Super Pty Limited;Financial services corporation ownership;Not for profit status;117824;11324657;83523;34301;;;7328199;3996458;;;6556;12677;18380;10907;9689;9336;7675;5037;2397;*;*;;23853;355931;1092663;880145;989512;1248482;1242457;916861;439578;*;*;;4755;5467;6375;3543;3133;3307;3286;2439;1378;*;*;;13622;156150;545940;451428;510820;664410;769560;521141;262480;*;*;
Nissan Superannuation Plan;Non public offer;Retail;Corporate base;Towers Watson Superannuation Pty Ltd;Financial services corporation ownership;For profit status;*;*;*;*;*;*;*;*;*;*;*;*;*;*;*;*;*;*;*;*;*;*;*;*;*;*;*;*;*;*;*;*;*;*;*;*;*;*;*;*;*;*;*;*;*;*;*;*;*;*;*;*;*;*;*;*;*;*
Oasis Superannuation Master Trust;Public offer;Retail;General base;Oasis Fund Management Limited;Financial services corporation ownership;For profit status;28033;4509049;12173;15860;;;1898030;2611019;;;38;566;1575;1380;1363;1384;1443;1422;1502;1358;142;;418;16605;90876;116909;149047;224630;303330;403291;334965;243967;13992;;38;745;2013;1788;1920;2088;2089;1831;1601;1582;165;;7122;29411;154809;194112;259698;361523;467196;474924;364254;282482;15488;
OnePath Masterfund;Public offer;Retail;General base;OnePath Custodians Pty Limited;Financial services corporation ownership;For profit status;0;0;;;;;;;;;;;;;;;;;;;;;;;;;;;;;;;;;;;;;;;;;;;;;;;;;;;;;;;;
Oracle Superannuation Plan;Non public offer;Retail;Corporate base;Towers Watson Superannuation Pty Ltd;Financial services corporation ownership;For profit status;2468;318830;*;*;;*;*;238141;;*;*;126;252;141;81;67;20;*;*;;;;*;3821;18416;18734;17500;15290;4764;*;*;;;;*;226;650;362;250;168;75;*;*;*;;;*;6935;51765;55788;52756;43695;22509;*;*;*;;
Perpetual Super Wrap;Public offer;Retail;General base;Perpetual Superannuation Limited;Financial services corporation ownership;For profit status;1410;1551453;677;733;;;642277;909176;;;43;42;62;*;45;62;99;99;92;82;*;;177390;103933;31260;*;30683;35873;56930;64807;62946;41975;*;;65;81;79;*;48;76;85;101;75;66;*;;270920;180779;86494;*;31779;64282;63328;75918;52546;38376;*;
Perpetual WealthFocus Superannuation Fund;Public offer;Retail;General base;Perpetual Superannuation Limited;Financial services corporation ownership;For profit status;14589;1826396;6911;7678;;;782160;1044236;;;25;212;901;784;835;782;682;631;734;1199;126;;464;12249;68784;72640;92216;100233;100505;104847;103814;117977;8431;;33;286;966;834;877;996;807;731;676;1205;267;;408;17009;102976;110729;129520;167578;137481;133639;100100;128491;16305;
Perpetual's Select Superannuation Fund;Public offer;Retail;Corporate base;Perpetual Superannuation Limited;Financial services corporation ownership;For profit status;14142;1453795;*;*;;*;*;870987;;*;384;1114;1626;841;654;532;314;238;208;324;*;;29132;41914;93433;56117;47662;55301;52587;57421;53359;85285;*;;594;1496;1913;926;771;709;493;307;239;338;*;;66786;88626;132542;80138;85023;99252;84404;68230;62244;92057;*;
Personal Choice Private Fund;Public offer;Retail;General base;CCSL Limited;Financial services corporation ownership;For profit status;1179;268746;531;648;;;114594;154152;;;*;*;53;33;42;46;83;94;108;54;*;;*;*;4384;4036;6605;10542;24235;24484;28409;11277;*;;*;*;64;64;48;84;106;123;80;58;*;;*;*;9220;11116;7721;22865;34149;36197;18881;12983;*;
Pitcher Retirement Plan;Non public offer;Corporate;Corporate base;Pitcher Retirement Plan Pty Ltd;Other ownership type;Not for profit status;1034;87969;475;559;;;33616;54353;;;38;154;138;57;33;26;*;*;*;*;;;127;5333;10695;5914;3153;3297;*;*;*;*;;;46;171;157;56;42;42;*;*;*;;;;237;5290;14448;8704;7834;8868;*;*;*;;;
Port of Melbourne Superannuation Fund;Non public offer;Retail;Corporate base;Diversa Trustees Limited;Financial services corporation ownership;For profit status;32;28625;*;*;;;*;*;;;*;*;*;*;*;*;*;*;*;*;*;*;*;*;*;*;*;*;*;*;*;*;*;*;*;*;*;*;*;*;*;*;*;*;*;*;*;*;*;*;*;*;*;*;*;*;*;*
Powerwrap Master Plan;Public offer;Retail;General base;Diversa Trustees Limited;Financial services corporation ownership;For profit status;1290;204387;520;770;;;79220;125167;;;;*;59;51;39;47;61;73;75;64;*;;;*;3420;5007;4615;7548;11666;17697;15615;10882;*;;*;*;143;70;56;93;99;84;93;71;*;;*;*;11127;8714;7931;21147;21083;18964;20481;12631;*;
Praemium SMA Superannuation Fund;Public offer;Retail;General base;Diversa Trustees Limited;Financial services corporation ownership;For profit status;7041;1251808;2971;4070;;0;534285;717523;;0;*;239;576;327;345;387;424;360;185;101;*;;*;11316;49893;36494;52511;81953;107992;102466;59274;31053;*;;*;385;906;519;512;483;496;406;194;119;*;;*;22086;100840;70669;82241;107747;130860;120296;48923;30591;*;
Premiumchoice Retirement Service;Public offer;Retail;General base;Nulis Nominees (Australia) Limited;Financial services corporation ownership;For profit status;2272;452960;1040;1232;;;186985;265975;;;*;*;137;116;113;98;123;160;140;112;*;;*;*;14599;16343;17979;20183;29845;42219;23273;19802;*;;*;*;146;138;139;161;159;173;150;115;*;;*;*;19436;24692;22949;45377;43995;54191;34783;17138;*;
Prime Super;Public offer;Industry;Industry base;Prime Super Pty Ltd;Other ownership type;Not for profit status;131615;5107110;*;*;;*;*;3199144;;*;7187;10988;8161;4594;4180;4313;3168;1685;747;282;*;*;20544;143554;280562;214047;258102;361922;316056;191631;85532;35079;*;*;14743;22859;16612;8425;7404;6629;4760;2631;1205;599;*;*;64583;413799;682088;441670;450160;472956;338532;206929;82509;43495;*;*
Public Sector Superannuation Accumulation Plan;Non public offer;Public Sector;Government base;Commonwealth Superannuation Corporation;Public sector organisation ownership;Not for profit status;140419;14410596;80896;59371;*;*;7615152;6791838;*;*;4589;25531;25031;8263;6445;5758;3424;1406;367;*;*;*;58507;1685945;2769930;948857;787694;727479;430854;167898;34343;*;*;*;3586;17387;17590;6089;4821;4456;3085;1639;561;*;*;*;40788;1137596;2276204;932143;807779;766251;506028;240365;72500;*;*;*
Public Sector Superannuation Scheme;Non public offer;Public Sector;Government base;Commonwealth Superannuation Corporation;Public sector organisation ownership;Not for profit status;223147;0;130528;92581;;38;0;0;;0;*;536;26872;25420;24470;22229;14654;8522;5090;2529;137;*;*;0;0;0;0;0;0;0;0;0;0;*;*;374;15618;16729;16602;16160;11887;7373;4956;2645;178;*;*;0;0;0;0;0;0;0;0;0;0;*
Qantas Superannuation Plan;Non public offer;Corporate;Corporate base;Qantas Superannuation Limited;Employer sponsor (non-public sector) ownership;Not for profit status;31174;8034747;12737;18437;;;2372523;5662224;;;432;1886;2966;2258;2091;1702;899;345;138;20;;;3761;65187;313702;420404;540403;562433;294049;122253;41755;8576;;;692;2262;3586;2847;2782;2960;1943;829;401;*;*;;5168;100228;549441;884019;1103503;1473425;973152;337536;185707;*;*;
QSuper;Public offer;Public Sector;Government base;QSuper Board;Public sector organisation ownership;Not for profit status;588434;104282573;377788;*;*;*;57692653;*;*;*;18092;68402;86518;50400;45313;41420;31871;19581;10505;5331;355;;211171;4017202;9549776;7305706;8369058;9494299;8677638;5769191;2958785;1316586;23241;;9471;33498;42757;25629;24491;23647;20426;14737;9382;6198;393;;82925;2019233;6008839;5221806;6516919;8001414;7881376;5655056;3300853;1841332;59643;
Rei Super;Public offer;Industry;Industry base;Rei Superannuation Fund Pty Limited;Nominating organisation ownership;Not for profit status;27774;1671998;17660;10114;;;946614;725384;;;1799;4526;4639;2049;1551;1259;918;556;289;*;*;;11103;130261;241579;138253;115030;113259;92301;67526;30082;*;*;;1094;2416;2335;1040;912;796;669;457;282;*;*;;6430;71857;179288;107884;98783;90187;74820;50944;34249;*;*;
Retail Employees Superannuation Trust;Public offer;Industry;Industry base;Retail Employees Superannuation Pty. Limited;Nominating organisation ownership;Not for profit status;2026582;55700847;1209652;*;;*;32121165;*;;*;371359;357609;200966;84333;67513;58416;38558;19677;8416;2633;67;105;1635091;6898003;6496251;3666623;3460924;3683257;3020869;1966252;935079;351328;6950;538;287042;267775;130157;41609;29409;24448;18098;10507;5324;2392;95;72;1234651;5360990;5632577;2566908;2241436;2270522;1871862;1235502;785047;363942;15741;368
Retirement Portfolio Service;Public offer;Retail;General base;OnePath Custodians Pty Limited;Financial services corporation ownership;For profit status;919797;38738264;388500;530964;;333;14557770;24136996;;43498;53004;119295;82743;35501;27199;21782;16729;11719;9235;9777;1516;;104381;1141222;2406696;1507579;1359930;1410898;1788162;1947537;1559549;1206961;124855;;62092;153488;118100;51064;41464;36178;27531;16686;10991;11191;2179;;135489;1772565;4451488;3050274;2914803;3112909;2896113;2361292;1821618;1455584;164860;
Retirement Wrap;Public offer;Retail;General base;BT Funds Management Limited;Financial services corporation ownership;For profit status;811389;69565240;364718;446671;;;29003806;40561434;;;44015;99408;72949;33467;28660;24506;20916;16178;12448;10520;1651;;146830;1771265;3553523;2549472;2817684;3400598;4213679;4383519;3377279;2537683;252274;;47425;118924;93192;41819;35688;32760;28234;19966;13982;12479;2202;;166952;2282140;5621779;4206325;4544364;5572435;6011469;5108272;3760263;2978948;308487;
Rexel Australia Superannuation Plan;Non public offer;Retail;Corporate base;Diversa Trustees Limited;Financial services corporation ownership;For profit status;*;*;*;*;*;*;*;*;*;*;*;*;*;*;*;*;*;*;*;*;*;*;*;*;*;*;*;*;*;*;*;*;*;*;*;*;*;*;*;*;*;*;*;*;*;*;*;*;*;*;*;*;*;*;*;*;*;*
Russell Investments Master Trust;Public offer;Retail;Corporate base;Total Risk Management Pty Limited;Financial services corporation ownership;For profit status;95618;9277851;*;*;;*;*;6984993;;*;1857;6596;9555;4351;3237;2572;1695;875;380;176;54;*;7210;157515;557960;403283;367141;346995;217574;117602;81639;28387;6770;*;3109;12522;16761;8779;7650;6577;4911;2368;998;447;43;*;16965;289237;1062772;1022239;1231091;1419144;1018479;514533;273277;126642;10028;*
Smartsave 'Member's Choice' Superannuation Master Plan;Public offer;Retail;General base;Diversa Trustees Limited;Financial services corporation ownership;For profit status;6523;185243;*;*;;*;*;126851;;*;109;413;572;341;293;245;191;101;50;*;*;;262;3653;11154;9791;11234;7830;7243;4972;1199;*;*;;248;834;937;584;494;401;318;190;102;*;*;;950;10120;23105;20290;21091;21978;16474;7716;3726;*;*;
SMF Eligible Rollover Fund;Public offer;Retail - ERF;General base;I.O.O.F. Investment Management Limited;Financial services corporation ownership;For profit status;30687;63254;12977;17710;;;23816;39438;;;*;930;5360;2266;1401;1177;834;198;65;*;*;666;*;589;7243;6305;3845;2915;1724;430;17;*;*;683;*;1240;6703;3096;2058;1647;1177;308;124;*;*;1213;*;1178;9971;7646;7395;7062;4285;1052;307;*;*;453
Star Portfolio Superannuation Fund;Public offer;Retail;General base;Avanteos Investments Limited;Financial services corporation ownership;For profit status;1825;622524;892;933;;;297679;324845;;;;*;47;39;*;88;199;264;148;61;*;;;*;5889;7156;*;28525;80303;94354;50566;20033;*;;*;*;45;48;*;85;182;253;175;72;*;;*;*;7403;14110;*;32740;63509;94059;65677;27549;*;
StatePlus Fixed Term Pension Plan;Public offer;Retail;General base;State Super Financial Services Australia Limited;Other ownership type;For profit status;228;1567;135;93;;;1281;286;;;;;;;;;;;;*;*;;;;;;;;;;;*;*;;;;;;;;;;*;*;;;;;;;;;;;*;*;;
Statewide Superannuation Trust;Public offer;Industry;General base;Statewide Superannuation Pty Ltd;Employer sponsor (non-public sector) ownership;Not for profit status;161648;9538330;83685;*;*;;4476271;*;*;;10275;18313;18035;9444;8694;7652;5743;3182;1588;726;33;;35893;362148;749006;578345;652292;711047;633324;426915;221218;103439;2645;;9857;17868;16346;8034;7319;6773;5762;3212;1719;990;72;;38649;376623;795120;575171;691892;854687;821718;498081;260195;140923;8998;
Stone   Superannuation Fund;Non public offer;Retail;General base;Ru-Estates Pty Ltd;Nominating organisation ownership;For profit status;*;*;*;*;*;*;*;*;*;*;*;*;*;*;*;*;*;*;*;*;*;*;*;*;*;*;*;*;*;*;*;*;*;*;*;*;*;*;*;*;*;*;*;*;*;*;*;*;*;*;*;*;*;*;*;*;*;*
Suncorp Master Trust;Public offer;Retail;General base;Suncorp Portfolio Services Limited;Financial services corporation ownership;For profit status;202219;6908184;84978;117241;;;2568178;4340006;;;10421;18308;20325;10997;8353;6413;3977;2157;1552;2058;417;;25410;216032;498324;368642;321831;295887;236628;210685;188457;184416;21866;;11119;22163;27878;15131;13243;11351;7821;3693;2059;2224;559;;28246;288091;774463;598052;663310;672566;519307;311630;230670;227976;25695;
Sunsuper Superannuation Fund;Public offer;Industry;General base;Sunsuper Pty. Ltd.;Nominating organisation ownership;Not for profit status;1613865;66902625;700666;911422;;1777;25303836;41597223;;1566;124324;215795;149759;63565;51234;43304;29015;14951;6245;2071;290;113;485862;3564361;5809325;3401176;3212627;3303670;2690277;1789785;759552;278616;7857;728;167832;288968;192619;80284;62401;51469;35450;19386;8937;3479;322;275;700737;5200707;9756920;6040449;5711748;5754433;4304260;2462663;1169671;474766;18589;2280
Super Directions Fund;Public offer;Retail;General base;N. M. Superannuation Proprietary Limited;Financial services corporation ownership;For profit status;186212;3275451;*;*;;*;*;2201625;;*;3558;12994;20596;11256;9082;6805;3894;1671;715;312;*;;9790;100751;246131;184308;179699;155454;113647;48622;22926;11538;*;;5843;19992;30379;17814;15242;12487;7772;3599;1483;635;*;;19865;185807;448718;352639;359414;364337;259664;124150;58841;26768;*;
Super Safeguard Fund;Public offer;Retail - ERF;General base;Diversa Trustees Limited;Financial services corporation ownership;For profit status;41886;16130;21393;*;;*;6010;*;;*;51;2423;8635;4190;2613;1810;1174;360;88;*;*;*;25;655;2029;1294;877;781;251;76;13;*;*;*;73;2404;7557;3964;2693;1911;1308;380;123;*;*;*;36;806;2439;2383;1418;1438;554;1002;31;*;*;*
SuperTrace Eligible Rollover Fund;Public offer;Retail - ERF;General base;Colonial Mutual Superannuation Pty. Ltd.;Financial services corporation ownership;For profit status;712729;1098820;288745;423984;;;435632;663188;;;7669;50636;96971;48468;34064;27134;19337;3558;644;*;*;*;1599;25980;111778;108641;88404;56594;32426;7591;1637;*;*;*;10870;75749;134938;70350;52401;42011;29803;5823;1451;*;*;*;2089;35060;139127;136573;125379;117712;77898;21807;5391;*;*;*
Symetry Personal Retirement Fund;Public offer;Retail;General base;Avanteos Investments Limited;Financial services corporation ownership;For profit status;8119;1763127;3755;4364;;;781733;981394;;;*;*;183;252;307;301;398;535;691;952;115;;*;*;13170;24289;39575;60453;95494;171100;193544;170084;13038;;*;*;223;347;410;519;555;522;641;966;141;;*;*;28486;42789;68282;120523;164689;167150;185654;186470;14652;
TAL Superannuation and Insurance Fund;Public offer;Retail;General base;TAL Superannuation Limited;Financial services corporation ownership;For profit status;72443;1324532;24626;47817;;;379601;944931;;;*;2853;6103;4569;4128;3558;2168;762;250;118;*;;*;11863;47338;60338;80563;87511;58660;21888;7879;2942;*;;*;4229;10868;8472;8191;7803;5070;1990;735;278;*;;*;16938;99480;139678;188806;235711;172075;61927;22251;6365;*;
Tasplan Superannuation Fund;Public offer;Industry;General base;Tasplan Pty Ltd;Nominating organisation ownership;Not for profit status;137507;9461212;68275;69040;;192;4454794;5006085;;333;7199;13752;13560;7558;7171;7425;5989;3289;1619;*;*;;42689;398126;824141;532762;556613;696199;674024;423966;223415;*;*;;8228;15009;13368;6978;6301;6651;5789;3651;2040;*;*;;51364;447119;901357;608674;630645;780731;731026;465430;261671;*;*;
Telstra Superannuation Scheme;Public offer;Corporate;Corporate base;Telstra Super Pty Ltd;Employer sponsor (non-public sector) ownership;Not for profit status;96600;21267783;*;*;*;;*;15260869;*;;1439;6037;8675;5412;4284;3441;3437;3024;1612;*;*;;9487;218704;783796;887658;842942;856669;989794;883437;421965;*;*;;1646;7579;11821;7257;7037;6821;6927;6039;2625;*;*;;12055;334111;1319055;1681457;2395945;2999237;2964394;2376515;891448;*;*;
The Bendigo Superannuation Plan;Public offer;Retail;General base;Sandhurst Trustees Limited;Financial services corporation ownership;For profit status;23039;1516300;9773;13266;;;630479;885821;;;1603;1396;1378;900;901;912;1009;945;470;*;*;*;4838;22004;48987;42912;50339;77169;127812;161435;63776;*;*;*;2141;2363;1895;1073;1016;1225;1292;1176;676;*;*;*;7567;44903;91307;71213;76487;125408;173809;169602;82664;*;*;*
The James Superannuation Fund;Non public offer;Corporate;Corporate base;G James Superannuation Pty Ltd;Employer sponsor (non-public sector) ownership;Not for profit status;*;*;*;*;*;*;*;*;*;*;*;*;*;*;*;*;*;*;*;*;*;*;*;*;*;*;*;*;*;*;*;*;*;*;*;*;*;*;*;*;*;*;*;*;*;*;*;*;*;*;*;*;*;*;*;*;*;*
The State Bank Supersafe Approved Deposit Fund;Public offer;Retail;General base;Colonial Mutual Superannuation Pty. Ltd.;Financial services corporation ownership;For profit status;624;7018;308;316;;;3323;3695;;;;;;*;*;122;94;;;;;;;;;*;*;1176;1720;;;;;;;;;*;*;127;124;*;;;;;;;;*;*;1381;2023;*;;;;
The Super Money Eligible Rollover Fund (SMERF);Public offer;Retail - ERF;General base;Diversa Trustees Limited;Financial services corporation ownership;For profit status;83363;67007;29934;53291;;138;22972;44014;;21;*;5722;11380;4454;2544;2351;1603;1016;368;*;350;;*;948;7067;6168;4577;2601;962;365;167;*;77;;*;10195;18990;9457;4376;3688;2701;1883;834;*;699;;*;2058;12015;9088;8955;7768;2461;1052;209;*;335;
The Towers Watson Superannuation Fund;Non public offer;Retail;Corporate base;Wycomp Pty. Limited;Other ownership type;Not for profit status;224;31075;108;116;;;9912;21163;;;*;27;46;*;*;*;*;;;;;;*;822;3428;*;*;*;*;;;;;;*;32;36;*;*;*;*;*;;;;;*;1052;3972;*;*;*;*;*;;;;
The University of New England Professorial Superannuation Fund;Non public offer;Retail;Corporate base;Equity Trustees Superannuation Limited;Financial services corporation ownership;For profit status;*;*;*;*;*;*;*;*;*;*;*;*;*;*;*;*;*;*;*;*;*;*;*;*;*;*;*;*;*;*;*;*;*;*;*;*;*;*;*;*;*;*;*;*;*;*;*;*;*;*;*;*;*;*;*;*;*;*
The University of New South Wales Professorial Superannuation Fund;Non public offer;Retail;Corporate base;Equity Trustees Superannuation Limited;Financial services corporation ownership;For profit status;*;*;*;*;*;*;*;*;*;*;*;*;*;*;*;*;*;*;*;*;*;*;*;*;*;*;*;*;*;*;*;*;*;*;*;*;*;*;*;*;*;*;*;*;*;*;*;*;*;*;*;*;*;*;*;*;*;*
The University of Sydney Professorial Superannuation System;Public offer;Retail;Corporate base;Diversa Trustees Limited;Financial services corporation ownership;For profit status;*;*;*;*;*;*;*;*;*;*;*;*;*;*;*;*;*;*;*;*;*;*;*;*;*;*;*;*;*;*;*;*;*;*;*;*;*;*;*;*;*;*;*;*;*;*;*;*;*;*;*;*;*;*;*;*;*;*
The University of Wollongong Professorial Superannuation Scheme;Public offer;Retail;Corporate base;Diversa Trustees Limited;Financial services corporation ownership;For profit status;*;*;*;*;*;*;*;*;*;*;*;*;*;*;*;*;*;*;*;*;*;*;*;*;*;*;*;*;*;*;*;*;*;*;*;*;*;*;*;*;*;*;*;*;*;*;*;*;*;*;*;*;*;*;*;*;*;*
The Victorian Independent Schools Superannuation Fund;Non public offer;Industry;Industry base;V.I.S. Nominees Pty. Limited;Other ownership type;Not for profit status;8587;753233;6385;*;;*;532325;*;;*;782;1050;1333;805;720;592;529;306;195;73;;;1431;17720;61545;66417;80964;90185;104595;57815;38020;13633;;;250;370;449;252;228;201;207;155;52;*;*;;372;5295;27480;23540;30616;33857;45086;37178;10718;*;*;
Tidswell Master Superannuation Plan;Public offer;Retail;General base;Tidswell Financial Services Ltd;Financial services corporation ownership;For profit status;20828;661078;7900;12928;;;167931;493147;;;2590;1725;1525;678;552;395;156;65;81;109;24;;2455;23564;39222;18472;18675;18875;9713;6483;12385;13943;4144;;2045;4128;3657;1163;815;530;274;145;65;84;22;;3541;100771;184162;56346;43541;35568;25184;14815;9259;17938;2022;
Toyota Super;Non public offer;Corporate;Corporate base;Toyota Super Pty Ltd;Financial services corporation ownership;Not for profit status;5143;877884;1137;4006;;;142718;735166;;;40;229;385;162;139;101;46;*;*;;;;231;7303;35101;26968;26406;24711;12221;*;*;;;;115;469;1058;689;658;549;322;*;*;*;*;;740;17577;115122;124992;154472;171473;103864;*;*;*;*;
TWU Superannuation Fund;Public offer;Industry;Industry base;T W U Nominees Pty Ltd;Financial services corporation ownership;Not for profit status;108165;5629157;12089;96076;;;383055;5246102;;;1451;3156;2710;1424;1214;1017;628;325;124;40;;;5059;40235;78226;53465;56645;54949;45545;29400;15701;3830;;;6737;17609;19308;12345;12287;12073;9005;4550;1692;446;24;;30000;326682;842907;765373;895062;1035371;781537;386773;146027;35824;546;
Ultimate Superannuation Fund;Public offer;Retail;General base;Avanteos Investments Limited;Financial services corporation ownership;For profit status;1569;345809;751;818;;;159292;186517;;;;*;97;55;49;71;117;122;104;94;*;;;*;8193;7593;8315;16508;30503;38241;26147;21199;*;;*;*;117;66;65;82;113;120;105;102;*;;*;*;12524;12969;12406;18587;37064;39858;27203;22741;*;
Unisuper;Non public offer;Industry;Industry base;Unisuper Limited;Public company ownership;Not for profit status;474772;72834452;270903;203834;;35;36028479;36805316;;657;23988;59761;63632;28133;23820;22755;20202;15126;8569;4297;620;;63599;1643108;5364056;4027389;4595531;5954126;5979292;4531181;2583502;1202574;84121;;18207;46249;44518;18650;16030;15943;15535;13001;8940;5853;908;;47027;1154346;4474651;3575935;4362639;5978540;6283172;4888031;3480642;2360265;200068;
United Technologies Corporation Retirement Plan;Non public offer;Retail;Corporate base;Towers Watson Superannuation Pty Ltd;Financial services corporation ownership;For profit status;1852;321668;285;1567;;;21260;300408;;;*;37;71;53;44;26;23;*;*;*;*;*;*;863;3103;2425;2876;2448;3088;*;*;*;*;*;*;111;280;251;274;271;180;*;*;*;*;;*;5690;25015;36460;48278;71637;59546;*;*;*;*;
Victorian Superannuation Fund;Public offer;Public Sector;Government base;Vicsuper Pty Ltd;Nominating organisation ownership;Not for profit status;248032;23140579;160233;87777;;22;13264549;9873322;;2708;9068;33677;39195;19158;15832;14571;13382;8892;4513;1898;47;;39973;1073622;2629121;1600453;1430694;1657315;2009585;1670605;835775;313366;4040;;5854;17242;18592;8926;7409;7608;7931;7198;4604;2347;66;;21482;536337;1586874;1061439;953068;1185900;1470708;1582653;1030549;436515;7797;
WA Local Government Superannuation Plan;Public offer;Public Sector;Government base;WA Local Government Superannuation Plan Pty Ltd;Nominating organisation ownership;Not for profit status;56398;3916275;*;*;*;;*;2382516;*;;2825;5354;5942;3090;2829;2583;1873;1104;471;*;*;;16325;138172;265512;182808;209368;246410;217495;164043;71966;*;*;;2895;5606;5887;3559;3496;3254;2704;1642;786;*;*;;17068;153507;329344;286557;355739;411157;384366;252799;134972;*;*;
Wealth Personal Superannuation and Pension Fund;Public offer;Retail;General base;N. M. Superannuation Proprietary Limited;Financial services corporation ownership;For profit status;307147;45164907;*;*;;*;*;26562858;;*;*;6249;15576;11093;11129;13962;21035;21745;15499;11712;1221;;*;274518;994270;937503;1183212;2105026;3709286;4229361;3000762;1973600;128961;;*;9828;23520;16034;16419;20115;27978;27412;18700;14748;1959;*;*;575226;1962911;1799016;2251413;3384014;5086797;5072506;3528669;2495078;218762;*
Westpac Mastertrust - Superannuation Division;Public offer;Retail;General base;Westpac Securities Administration Limited;Financial services corporation ownership;For profit status;193312;6293890;78447;114865;;;2218612;4075278;;;9815;20479;18990;8777;7086;5862;3648;1625;816;1185;164;;31758;316194;567414;332170;280945;277334;171286;76246;51557;99829;13879;;14355;29474;27996;12581;10346;8458;5768;2956;1361;1330;240;;57347;508722;1042664;632065;575985;527562;366485;162305;85684;96966;19493;
Westpac Personal Superannuation Fund;Public offer;Retail;General base;Westpac Securities Administration Limited;Financial services corporation ownership;For profit status;41166;367925;16487;24679;;;106475;261450;;;127;3510;5302;2448;1992;1485;917;408;198;*;*;;0;0;640;7731;17503;21987;25481;15600;11239;*;*;;155;4293;7419;3820;3185;2797;1770;752;326;*;*;;0;0;4435;24258;46543;68753;60941;32357;15916;*;*;
Zurich Master Superannuation Fund;Public offer;Retail;General base;Zurich Australian Superannuation Pty Ltd;Financial services corporation ownership;For profit status;15694;1075407;5123;10571;;;320386;755021;;;*;*;404;670;1000;1073;783;384;244;391;94;;*;*;17210;34103;54879;71865;50979;29255;26457;28386;4709;;*;*;718;1119;1834;2683;2171;867;414;469;*;;*;*;44589;75568;123446;198098;154718;72766;34889;37626;*;